<?xml version="1.0" encoding="UTF-8"?>
<configuration>
	<property name="LOG_PATH" value="E:/tmp/logs" />

	<appender name="STDOUT"
		class="ch.qos.logback.core.ConsoleAppender">
		<target>System.out</target>
		<encoder>
			<pattern>[%d{yyyy-MM-dd HH:mm:ss}:%-3relative][%thread] [%-5level]
				%logger{35} - %msg%n</pattern>
		</encoder>
	</appender>

	<appender name="ROLLING"
		class="ch.qos.logback.core.rolling.RollingFileAppender">
		<file>${LOG_PATH}/logback.log</file>
		<append>true</append>
		<encoder
			class="ch.qos.logback.classic.encoder.PatternLayoutEncoder">
			<pattern>[%d{yyyy-MM-dd HH:mm:ss}:%-3relative][%thread] [%-5level]
				%logger{35} - %msg%n</pattern>
		</encoder>
		<filter class="ch.qos.logback.classic.filter.ThresholdFilter">
			<level>INFO</level>
		</filter>
		<rollingPolicy
			class="ch.qos.logback.core.rolling.SizeAndTimeBasedRollingPolicy">
			<fileNamePattern>${LOG_PATH}/logback.%d{yyyy-MM-dd}.%i.log.zip
			</fileNamePattern>
			<maxFileSize>5MB</maxFileSize>
			<maxHistory>30</maxHistory>
		</rollingPolicy>
	</appender>

	<!-- <appender name="console" class="org.apache.log4j.ConsoleAppender">    
		<param name="Target" value="System.out" />      <layout class="org.apache.log4j.PatternLayout"> 
		         <param name="ConversionPattern" value="%d{HH:mm:ss} %-5p: %c >> %m%n" /> 
		     </layout> </appender> -->

	<logger name="org.springframework.boot.autoconfigure.logging">
		<level value="INFO" />
	</logger>

	<root level="debug">
		<appender-ref ref="ROLLING" />
		<appender-ref ref="STDOUT" />
	</root>
</configuration>